tx_id,route_used,ops_count,latency_ms,fee_xlm,compliance_passed
stratx_0,XLM,40,75,8e-05,True
stratx_1,USDC,41,75,8.2e-05,True
stratx_2,EURC,42,75,8.4e-05,True
stratx_3,XLM,43,75,8.6e-05,True
stratx_4,USDC,44,75,8.8e-05,True
stratx_5,EURC,45,75,9e-05,True
stratx_6,XLM,46,75,9.2e-05,True
stratx_7,USDC,47,75,9.4e-05,True
stratx_8,EURC,48,75,9.6e-05,True
stratx_9,XLM,49,75,9.8e-05,True
stratx_10,USDC,40,75,8e-05,True
stratx_11,EURC,41,75,8.2e-05,True
stratx_12,XLM,42,75,8.4e-05,True
stratx_13,USDC,43,75,8.6e-05,True
stratx_14,EURC,44,75,8.8e-05,True
stratx_15,XLM,45,75,9e-05,True
stratx_16,USDC,46,75,9.2e-05,True
stratx_17,EURC,47,75,9.4e-05,True
stratx_18,XLM,48,75,9.6e-05,True
stratx_19,USDC,49,75,9.8e-05,True
stratx_20,EURC,40,75,8e-05,True
stratx_21,XLM,41,75,8.2e-05,True
stratx_22,USDC,42,75,8.4e-05,True
stratx_23,EURC,43,75,8.6e-05,True
stratx_24,XLM,44,75,8.8e-05,True
stratx_25,USDC,45,75,9e-05,True
stratx_26,EURC,46,75,9.2e-05,True
stratx_27,XLM,47,75,9.4e-05,True
stratx_28,USDC,48,75,9.6e-05,True
stratx_29,EURC,49,75,9.8e-05,True
stratx_30,XLM,40,75,8e-05,True
stratx_31,USDC,41,75,8.2e-05,True
stratx_32,EURC,42,75,8.4e-05,True
stratx_33,XLM,43,75,8.6e-05,True
stratx_34,USDC,44,75,8.8e-05,True
stratx_35,EURC,45,75,9e-05,True
stratx_36,XLM,46,75,9.2e-05,True
stratx_37,USDC,47,75,9.4e-05,True
stratx_38,EURC,48,75,9.6e-05,True
stratx_39,XLM,49,75,9.8e-05,True
stratx_40,USDC,40,75,8e-05,True
stratx_41,EURC,41,75,8.2e-05,True
stratx_42,XLM,42,75,8.4e-05,True
stratx_43,USDC,43,75,8.6e-05,True
stratx_44,EURC,44,75,8.8e-05,True
stratx_45,XLM,45,75,9e-05,True
stratx_46,USDC,46,75,9.2e-05,True
stratx_47,EURC,47,75,9.4e-05,True
stratx_48,XLM,48,75,9.6e-05,True
stratx_49,USDC,49,75,9.8e-05,True
stratx_50,EURC,40,75,8e-05,True
stratx_51,XLM,41,75,8.2e-05,True
stratx_52,USDC,42,75,8.4e-05,True
stratx_53,EURC,43,75,8.6e-05,True
stratx_54,XLM,44,75,8.8e-05,True
stratx_55,USDC,45,75,9e-05,True
stratx_56,EURC,46,75,9.2e-05,True
stratx_57,XLM,47,75,9.4e-05,True
stratx_58,USDC,48,75,9.6e-05,True
stratx_59,EURC,49,75,9.8e-05,True
stratx_60,XLM,40,75,8e-05,True
stratx_61,USDC,41,75,8.2e-05,True
stratx_62,EURC,42,75,8.4e-05,True
stratx_63,XLM,43,75,8.6e-05,True
stratx_64,USDC,44,75,8.8e-05,True
stratx_65,EURC,45,75,9e-05,True
stratx_66,XLM,46,75,9.2e-05,True
stratx_67,USDC,47,75,9.4e-05,True
stratx_68,EURC,48,75,9.6e-05,True
stratx_69,XLM,49,75,9.8e-05,True
stratx_70,USDC,40,75,8e-05,True
stratx_71,EURC,41,75,8.2e-05,True
stratx_72,XLM,42,75,8.4e-05,True
stratx_73,USDC,43,75,8.6e-05,True
stratx_74,EURC,44,75,8.8e-05,True
stratx_75,XLM,45,75,9e-05,True
stratx_76,USDC,46,75,9.2e-05,True
stratx_77,EURC,47,75,9.4e-05,True
stratx_78,XLM,48,75,9.6e-05,True
stratx_79,USDC,49,75,9.8e-05,True
stratx_80,EURC,40,75,8e-05,True
stratx_81,XLM,41,75,8.2e-05,True
stratx_82,USDC,42,75,8.4e-05,True
stratx_83,EURC,43,75,8.6e-05,True
stratx_84,XLM,44,75,8.8e-05,True
stratx_85,USDC,45,75,9e-05,True
stratx_86,EURC,46,75,9.2e-05,True
stratx_87,XLM,47,75,9.4e-05,True
stratx_88,USDC,48,75,9.6e-05,True
stratx_89,EURC,49,75,9.8e-05,True
stratx_90,XLM,40,75,8e-05,True
stratx_91,USDC,41,75,8.2e-05,True
stratx_92,EURC,42,75,8.4e-05,True
stratx_93,XLM,43,75,8.6e-05,True
stratx_94,USDC,44,75,8.8e-05,True
stratx_95,EURC,45,75,9e-05,True
stratx_96,XLM,46,75,9.2e-05,True
stratx_97,USDC,47,75,9.4e-05,True
stratx_98,EURC,48,75,9.6e-05,True
stratx_99,XLM,49,75,9.8e-05,True
stratx_100,USDC,40,75,8e-05,True
stratx_101,EURC,41,75,8.2e-05,True
stratx_102,XLM,42,75,8.4e-05,True
stratx_103,USDC,43,75,8.6e-05,True
stratx_104,EURC,44,75,8.8e-05,True
stratx_105,XLM,45,75,9e-05,True
stratx_106,USDC,46,75,9.2e-05,True
stratx_107,EURC,47,75,9.4e-05,True
stratx_108,XLM,48,75,9.6e-05,True
stratx_109,USDC,49,75,9.8e-05,True
stratx_110,EURC,40,75,8e-05,True
stratx_111,XLM,41,75,8.2e-05,True
stratx_112,USDC,42,75,8.4e-05,True
stratx_113,EURC,43,75,8.6e-05,True
stratx_114,XLM,44,75,8.8e-05,True
stratx_115,USDC,45,75,9e-05,True
stratx_116,EURC,46,75,9.2e-05,True
stratx_117,XLM,47,75,9.4e-05,True
stratx_118,USDC,48,75,9.6e-05,True
stratx_119,EURC,49,75,9.8e-05,True
stratx_120,XLM,40,75,8e-05,True
stratx_121,USDC,41,75,8.2e-05,True
stratx_122,EURC,42,75,8.4e-05,True
stratx_123,XLM,43,75,8.6e-05,True
stratx_124,USDC,44,75,8.8e-05,True
stratx_125,EURC,45,75,9e-05,True
stratx_126,XLM,46,75,9.2e-05,True
stratx_127,USDC,47,75,9.4e-05,True
stratx_128,EURC,48,75,9.6e-05,True
stratx_129,XLM,49,75,9.8e-05,True
stratx_130,USDC,40,75,8e-05,True
stratx_131,EURC,41,75,8.2e-05,True
stratx_132,XLM,42,75,8.4e-05,True
stratx_133,USDC,43,75,8.6e-05,True
stratx_134,EURC,44,75,8.8e-05,True
stratx_135,XLM,45,75,9e-05,True
stratx_136,USDC,46,75,9.2e-05,True
stratx_137,EURC,47,75,9.4e-05,True
stratx_138,XLM,48,75,9.6e-05,True
stratx_139,USDC,49,75,9.8e-05,True
stratx_140,EURC,40,75,8e-05,True
stratx_141,XLM,41,75,8.2e-05,True
stratx_142,USDC,42,75,8.4e-05,True
stratx_143,EURC,43,75,8.6e-05,True
stratx_144,XLM,44,75,8.8e-05,True
stratx_145,USDC,45,75,9e-05,True
stratx_146,EURC,46,75,9.2e-05,True
stratx_147,XLM,47,75,9.4e-05,True
stratx_148,USDC,48,75,9.6e-05,True
stratx_149,EURC,49,75,9.8e-05,True
stratx_150,XLM,40,75,8e-05,True
stratx_151,USDC,41,75,8.2e-05,True
stratx_152,EURC,42,75,8.4e-05,True
stratx_153,XLM,43,75,8.6e-05,True
stratx_154,USDC,44,75,8.8e-05,True
stratx_155,EURC,45,75,9e-05,True
stratx_156,XLM,46,75,9.2e-05,True
stratx_157,USDC,47,75,9.4e-05,True
stratx_158,EURC,48,75,9.6e-05,True
stratx_159,XLM,49,75,9.8e-05,True
stratx_160,USDC,40,75,8e-05,True
stratx_161,EURC,41,75,8.2e-05,True
stratx_162,XLM,42,75,8.4e-05,True
stratx_163,USDC,43,75,8.6e-05,True
stratx_164,EURC,44,75,8.8e-05,True
stratx_165,XLM,45,75,9e-05,True
stratx_166,USDC,46,75,9.2e-05,True
stratx_167,EURC,47,75,9.4e-05,True
stratx_168,XLM,48,75,9.6e-05,True
stratx_169,USDC,49,75,9.8e-05,True
stratx_170,EURC,40,75,8e-05,True
stratx_171,XLM,41,75,8.2e-05,True
stratx_172,USDC,42,75,8.4e-05,True
stratx_173,EURC,43,75,8.6e-05,True
stratx_174,XLM,44,75,8.8e-05,True
stratx_175,USDC,45,75,9e-05,True
stratx_176,EURC,46,75,9.2e-05,True
stratx_177,XLM,47,75,9.4e-05,True
stratx_178,USDC,48,75,9.6e-05,True
stratx_179,EURC,49,75,9.8e-05,True
stratx_180,XLM,40,75,8e-05,True
stratx_181,USDC,41,75,8.2e-05,True
stratx_182,EURC,42,75,8.4e-05,True
stratx_183,XLM,43,75,8.6e-05,True
stratx_184,USDC,44,75,8.8e-05,True
stratx_185,EURC,45,75,9e-05,True
stratx_186,XLM,46,75,9.2e-05,True
stratx_187,USDC,47,75,9.4e-05,True
stratx_188,EURC,48,75,9.6e-05,True
stratx_189,XLM,49,75,9.8e-05,True
stratx_190,USDC,40,75,8e-05,True
stratx_191,EURC,41,75,8.2e-05,True
stratx_192,XLM,42,75,8.4e-05,True
stratx_193,USDC,43,75,8.6e-05,True
stratx_194,EURC,44,75,8.8e-05,True
stratx_195,XLM,45,75,9e-05,True
stratx_196,USDC,46,75,9.2e-05,True
stratx_197,EURC,47,75,9.4e-05,True
stratx_198,XLM,48,75,9.6e-05,True
stratx_199,USDC,49,75,9.8e-05,True
stratx_200,EURC,40,75,8e-05,True
stratx_201,XLM,41,75,8.2e-05,True
stratx_202,USDC,42,75,8.4e-05,True
stratx_203,EURC,43,75,8.6e-05,True
stratx_204,XLM,44,75,8.8e-05,True
stratx_205,USDC,45,75,9e-05,True
stratx_206,EURC,46,75,9.2e-05,True
stratx_207,XLM,47,75,9.4e-05,True
stratx_208,USDC,48,75,9.6e-05,True
stratx_209,EURC,49,75,9.8e-05,True
stratx_210,XLM,40,75,8e-05,True
stratx_211,USDC,41,75,8.2e-05,True
stratx_212,EURC,42,75,8.4e-05,True
stratx_213,XLM,43,75,8.6e-05,True
stratx_214,USDC,44,75,8.8e-05,True
stratx_215,EURC,45,75,9e-05,True
stratx_216,XLM,46,75,9.2e-05,True
stratx_217,USDC,47,75,9.4e-05,True
stratx_218,EURC,48,75,9.6e-05,True
stratx_219,XLM,49,75,9.8e-05,True
stratx_220,USDC,40,75,8e-05,True
stratx_221,EURC,41,75,8.2e-05,True
stratx_222,XLM,42,75,8.4e-05,True
stratx_223,USDC,43,75,8.6e-05,True
stratx_224,EURC,44,75,8.8e-05,True
stratx_225,XLM,45,75,9e-05,True
stratx_226,USDC,46,75,9.2e-05,True
stratx_227,EURC,47,75,9.4e-05,True
stratx_228,XLM,48,75,9.6e-05,True
stratx_229,USDC,49,75,9.8e-05,True
stratx_230,EURC,40,75,8e-05,True
stratx_231,XLM,41,75,8.2e-05,True
stratx_232,USDC,42,75,8.4e-05,True
stratx_233,EURC,43,75,8.6e-05,True
stratx_234,XLM,44,75,8.8e-05,True
stratx_235,USDC,45,75,9e-05,True
stratx_236,EURC,46,75,9.2e-05,True
stratx_237,XLM,47,75,9.4e-05,True
stratx_238,USDC,48,75,9.6e-05,True
stratx_239,EURC,49,75,9.8e-05,True
stratx_240,XLM,40,75,8e-05,True
stratx_241,USDC,41,75,8.2e-05,True
stratx_242,EURC,42,75,8.4e-05,True
stratx_243,XLM,43,75,8.6e-05,True
stratx_244,USDC,44,75,8.8e-05,True
stratx_245,EURC,45,75,9e-05,True
stratx_246,XLM,46,75,9.2e-05,True
stratx_247,USDC,47,75,9.4e-05,True
stratx_248,EURC,48,75,9.6e-05,True
stratx_249,XLM,49,75,9.8e-05,True
stratx_250,USDC,40,75,8e-05,True
stratx_251,EURC,41,75,8.2e-05,True
stratx_252,XLM,42,75,8.4e-05,True
stratx_253,USDC,43,75,8.6e-05,True
stratx_254,EURC,44,75,8.8e-05,True
stratx_255,XLM,45,75,9e-05,True
stratx_256,USDC,46,75,9.2e-05,True
stratx_257,EURC,47,75,9.4e-05,True
stratx_258,XLM,48,75,9.6e-05,True
stratx_259,USDC,49,75,9.8e-05,True
stratx_260,EURC,40,75,8e-05,True
stratx_261,XLM,41,75,8.2e-05,True
stratx_262,USDC,42,75,8.4e-05,True
stratx_263,EURC,43,75,8.6e-05,True
stratx_264,XLM,44,75,8.8e-05,True
stratx_265,USDC,45,75,9e-05,True
stratx_266,EURC,46,75,9.2e-05,True
stratx_267,XLM,47,75,9.4e-05,True
stratx_268,USDC,48,75,9.6e-05,True
stratx_269,EURC,49,75,9.8e-05,True
stratx_270,XLM,40,75,8e-05,True
stratx_271,USDC,41,75,8.2e-05,True
stratx_272,EURC,42,75,8.4e-05,True
stratx_273,XLM,43,75,8.6e-05,True
stratx_274,USDC,44,75,8.8e-05,True
stratx_275,EURC,45,75,9e-05,True
stratx_276,XLM,46,75,9.2e-05,True
stratx_277,USDC,47,75,9.4e-05,True
stratx_278,EURC,48,75,9.6e-05,True
stratx_279,XLM,49,75,9.8e-05,True
stratx_280,USDC,40,75,8e-05,True
stratx_281,EURC,41,75,8.2e-05,True
stratx_282,XLM,42,75,8.4e-05,True
stratx_283,USDC,43,75,8.6e-05,True
stratx_284,EURC,44,75,8.8e-05,True
stratx_285,XLM,45,75,9e-05,True
stratx_286,USDC,46,75,9.2e-05,True
stratx_287,EURC,47,75,9.4e-05,True
stratx_288,XLM,48,75,9.6e-05,True
stratx_289,USDC,49,75,9.8e-05,True
stratx_290,EURC,40,75,8e-05,True
stratx_291,XLM,41,75,8.2e-05,True
stratx_292,USDC,42,75,8.4e-05,True
stratx_293,EURC,43,75,8.6e-05,True
stratx_294,XLM,44,75,8.8e-05,True
stratx_295,USDC,45,75,9e-05,True
stratx_296,EURC,46,75,9.2e-05,True
stratx_297,XLM,47,75,9.4e-05,True
stratx_298,USDC,48,75,9.6e-05,True
stratx_299,EURC,49,75,9.8e-05,True
stratx_300,XLM,40,75,8e-05,True
stratx_301,USDC,41,75,8.2e-05,True
stratx_302,EURC,42,75,8.4e-05,True
stratx_303,XLM,43,75,8.6e-05,True
stratx_304,USDC,44,75,8.8e-05,True
stratx_305,EURC,45,75,9e-05,True
stratx_306,XLM,46,75,9.2e-05,True
stratx_307,USDC,47,75,9.4e-05,True
stratx_308,EURC,48,75,9.6e-05,True
stratx_309,XLM,49,75,9.8e-05,True
stratx_310,USDC,40,75,8e-05,True
stratx_311,EURC,41,75,8.2e-05,True
stratx_312,XLM,42,75,8.4e-05,True
stratx_313,USDC,43,75,8.6e-05,True
stratx_314,EURC,44,75,8.8e-05,True
stratx_315,XLM,45,75,9e-05,True
stratx_316,USDC,46,75,9.2e-05,True
stratx_317,EURC,47,75,9.4e-05,True
stratx_318,XLM,48,75,9.6e-05,True
stratx_319,USDC,49,75,9.8e-05,True
stratx_320,EURC,40,75,8e-05,True
stratx_321,XLM,41,75,8.2e-05,True
stratx_322,USDC,42,75,8.4e-05,True
stratx_323,EURC,43,75,8.6e-05,True
stratx_324,XLM,44,75,8.8e-05,True
stratx_325,USDC,45,75,9e-05,True
stratx_326,EURC,46,75,9.2e-05,True
stratx_327,XLM,47,75,9.4e-05,True
stratx_328,USDC,48,75,9.6e-05,True
stratx_329,EURC,49,75,9.8e-05,True
stratx_330,XLM,40,75,8e-05,True
stratx_331,USDC,41,75,8.2e-05,True
stratx_332,EURC,42,75,8.4e-05,True
stratx_333,XLM,43,75,8.6e-05,True
stratx_334,USDC,44,75,8.8e-05,True
stratx_335,EURC,45,75,9e-05,True
stratx_336,XLM,46,75,9.2e-05,True
stratx_337,USDC,47,75,9.4e-05,True
stratx_338,EURC,48,75,9.6e-05,True
stratx_339,XLM,49,75,9.8e-05,True
stratx_340,USDC,40,75,8e-05,True
stratx_341,EURC,41,75,8.2e-05,True
stratx_342,XLM,42,75,8.4e-05,True
stratx_343,USDC,43,75,8.6e-05,True
stratx_344,EURC,44,75,8.8e-05,True
stratx_345,XLM,45,75,9e-05,True
stratx_346,USDC,46,75,9.2e-05,True
stratx_347,EURC,47,75,9.4e-05,True
stratx_348,XLM,48,75,9.6e-05,True
stratx_349,USDC,49,75,9.8e-05,True
stratx_350,EURC,40,75,8e-05,True
stratx_351,XLM,41,75,8.2e-05,True
stratx_352,USDC,42,75,8.4e-05,True
stratx_353,EURC,43,75,8.6e-05,True
stratx_354,XLM,44,75,8.8e-05,True
stratx_355,USDC,45,75,9e-05,True
stratx_356,EURC,46,75,9.2e-05,True
stratx_357,XLM,47,75,9.4e-05,True
stratx_358,USDC,48,75,9.6e-05,True
stratx_359,EURC,49,75,9.8e-05,True
stratx_360,XLM,40,75,8e-05,True
stratx_361,USDC,41,75,8.2e-05,True
stratx_362,EURC,42,75,8.4e-05,True
stratx_363,XLM,43,75,8.6e-05,True
stratx_364,USDC,44,75,8.8e-05,True
stratx_365,EURC,45,75,9e-05,True
stratx_366,XLM,46,75,9.2e-05,True
stratx_367,USDC,47,75,9.4e-05,True
stratx_368,EURC,48,75,9.6e-05,True
stratx_369,XLM,49,75,9.8e-05,True
stratx_370,USDC,40,75,8e-05,True
stratx_371,EURC,41,75,8.2e-05,True
stratx_372,XLM,42,75,8.4e-05,True
stratx_373,USDC,43,75,8.6e-05,True
stratx_374,EURC,44,75,8.8e-05,True
stratx_375,XLM,45,75,9e-05,True
stratx_376,USDC,46,75,9.2e-05,True
stratx_377,EURC,47,75,9.4e-05,True
stratx_378,XLM,48,75,9.6e-05,True
stratx_379,USDC,49,75,9.8e-05,True
stratx_380,EURC,40,75,8e-05,True
stratx_381,XLM,41,75,8.2e-05,True
stratx_382,USDC,42,75,8.4e-05,True
stratx_383,EURC,43,75,8.6e-05,True
stratx_384,XLM,44,75,8.8e-05,True
stratx_385,USDC,45,75,9e-05,True
stratx_386,EURC,46,75,9.2e-05,True
stratx_387,XLM,47,75,9.4e-05,True
stratx_388,USDC,48,75,9.6e-05,True
stratx_389,EURC,49,75,9.8e-05,True
stratx_390,XLM,40,75,8e-05,True
stratx_391,USDC,41,75,8.2e-05,True
stratx_392,EURC,42,75,8.4e-05,True
stratx_393,XLM,43,75,8.6e-05,True
stratx_394,USDC,44,75,8.8e-05,True
stratx_395,EURC,45,75,9e-05,True
stratx_396,XLM,46,75,9.2e-05,True
stratx_397,USDC,47,75,9.4e-05,True
stratx_398,EURC,48,75,9.6e-05,True
stratx_399,XLM,49,75,9.8e-05,True
stratx_400,USDC,40,75,8e-05,True
stratx_401,EURC,41,75,8.2e-05,True
stratx_402,XLM,42,75,8.4e-05,True
stratx_403,USDC,43,75,8.6e-05,True
stratx_404,EURC,44,75,8.8e-05,True
stratx_405,XLM,45,75,9e-05,True
stratx_406,USDC,46,75,9.2e-05,True
stratx_407,EURC,47,75,9.4e-05,True
stratx_408,XLM,48,75,9.6e-05,True
stratx_409,USDC,49,75,9.8e-05,True
stratx_410,EURC,40,75,8e-05,True
stratx_411,XLM,41,75,8.2e-05,True
stratx_412,USDC,42,75,8.4e-05,True
stratx_413,EURC,43,75,8.6e-05,True
stratx_414,XLM,44,75,8.8e-05,True
stratx_415,USDC,45,75,9e-05,True
stratx_416,EURC,46,75,9.2e-05,True
stratx_417,XLM,47,75,9.4e-05,True
stratx_418,USDC,48,75,9.6e-05,True
stratx_419,EURC,49,75,9.8e-05,True
stratx_420,XLM,40,75,8e-05,True
stratx_421,USDC,41,75,8.2e-05,True
stratx_422,EURC,42,75,8.4e-05,True
stratx_423,XLM,43,75,8.6e-05,True
stratx_424,USDC,44,75,8.8e-05,True
stratx_425,EURC,45,75,9e-05,True
stratx_426,XLM,46,75,9.2e-05,True
stratx_427,USDC,47,75,9.4e-05,True
stratx_428,EURC,48,75,9.6e-05,True
stratx_429,XLM,49,75,9.8e-05,True
stratx_430,USDC,40,75,8e-05,True
stratx_431,EURC,41,75,8.2e-05,True
stratx_432,XLM,42,75,8.4e-05,True
stratx_433,USDC,43,75,8.6e-05,True
stratx_434,EURC,44,75,8.8e-05,True
stratx_435,XLM,45,75,9e-05,True
stratx_436,USDC,46,75,9.2e-05,True
stratx_437,EURC,47,75,9.4e-05,True
stratx_438,XLM,48,75,9.6e-05,True
stratx_439,USDC,49,75,9.8e-05,True
stratx_440,EURC,40,75,8e-05,True
stratx_441,XLM,41,75,8.2e-05,True
stratx_442,USDC,42,75,8.4e-05,True
stratx_443,EURC,43,75,8.6e-05,True
stratx_444,XLM,44,75,8.8e-05,True
stratx_445,USDC,45,75,9e-05,True
stratx_446,EURC,46,75,9.2e-05,True
stratx_447,XLM,47,75,9.4e-05,True
stratx_448,USDC,48,75,9.6e-05,True
stratx_449,EURC,49,75,9.8e-05,True
stratx_450,XLM,40,75,8e-05,True
stratx_451,USDC,41,75,8.2e-05,True
stratx_452,EURC,42,75,8.4e-05,True
stratx_453,XLM,43,75,8.6e-05,True
stratx_454,USDC,44,75,8.8e-05,True
stratx_455,EURC,45,75,9e-05,True
stratx_456,XLM,46,75,9.2e-05,True
stratx_457,USDC,47,75,9.4e-05,True
stratx_458,EURC,48,75,9.6e-05,True
stratx_459,XLM,49,75,9.8e-05,True
stratx_460,USDC,40,75,8e-05,True
stratx_461,EURC,41,75,8.2e-05,True
stratx_462,XLM,42,75,8.4e-05,True
stratx_463,USDC,43,75,8.6e-05,True
stratx_464,EURC,44,75,8.8e-05,True
stratx_465,XLM,45,75,9e-05,True
stratx_466,USDC,46,75,9.2e-05,True
stratx_467,EURC,47,75,9.4e-05,True
stratx_468,XLM,48,75,9.6e-05,True
stratx_469,USDC,49,75,9.8e-05,True
stratx_470,EURC,40,75,8e-05,True
stratx_471,XLM,41,75,8.2e-05,True
stratx_472,USDC,42,75,8.4e-05,True
stratx_473,EURC,43,75,8.6e-05,True
stratx_474,XLM,44,75,8.8e-05,True
stratx_475,USDC,45,75,9e-05,True
stratx_476,EURC,46,75,9.2e-05,True
stratx_477,XLM,47,75,9.4e-05,True
stratx_478,USDC,48,75,9.6e-05,True
stratx_479,EURC,49,75,9.8e-05,True
stratx_480,XLM,40,75,8e-05,True
stratx_481,USDC,41,75,8.2e-05,True
stratx_482,EURC,42,75,8.4e-05,True
stratx_483,XLM,43,75,8.6e-05,True
stratx_484,USDC,44,75,8.8e-05,True
stratx_485,EURC,45,75,9e-05,True
stratx_486,XLM,46,75,9.2e-05,True
stratx_487,USDC,47,75,9.4e-05,True
stratx_488,EURC,48,75,9.6e-05,True
stratx_489,XLM,49,75,9.8e-05,True
stratx_490,USDC,40,75,8e-05,True
stratx_491,EURC,41,75,8.2e-05,True
stratx_492,XLM,42,75,8.4e-05,True
stratx_493,USDC,43,75,8.6e-05,True
stratx_494,EURC,44,75,8.8e-05,True
stratx_495,XLM,45,75,9e-05,True
stratx_496,USDC,46,75,9.2e-05,True
stratx_497,EURC,47,75,9.4e-05,True
stratx_498,XLM,48,75,9.6e-05,True
stratx_499,USDC,49,75,9.8e-05,True
stratx_500,EURC,40,75,8e-05,True
stratx_501,XLM,41,75,8.2e-05,True
stratx_502,USDC,42,75,8.4e-05,True
stratx_503,EURC,43,75,8.6e-05,True
stratx_504,XLM,44,75,8.8e-05,True
stratx_505,USDC,45,75,9e-05,True
stratx_506,EURC,46,75,9.2e-05,True
stratx_507,XLM,47,75,9.4e-05,True
stratx_508,USDC,48,75,9.6e-05,True
stratx_509,EURC,49,75,9.8e-05,True
stratx_510,XLM,40,75,8e-05,True
stratx_511,USDC,41,75,8.2e-05,True
stratx_512,EURC,42,75,8.4e-05,True
stratx_513,XLM,43,75,8.6e-05,True
stratx_514,USDC,44,75,8.8e-05,True
stratx_515,EURC,45,75,9e-05,True
stratx_516,XLM,46,75,9.2e-05,True
stratx_517,USDC,47,75,9.4e-05,True
stratx_518,EURC,48,75,9.6e-05,True
stratx_519,XLM,49,75,9.8e-05,True
stratx_520,USDC,40,75,8e-05,True
stratx_521,EURC,41,75,8.2e-05,True
stratx_522,XLM,42,75,8.4e-05,True
stratx_523,USDC,43,75,8.6e-05,True
stratx_524,EURC,44,75,8.8e-05,True
stratx_525,XLM,45,75,9e-05,True
stratx_526,USDC,46,75,9.2e-05,True
stratx_527,EURC,47,75,9.4e-05,True
stratx_528,XLM,48,75,9.6e-05,True
stratx_529,USDC,49,75,9.8e-05,True
stratx_530,EURC,40,75,8e-05,True
stratx_531,XLM,41,75,8.2e-05,True
stratx_532,USDC,42,75,8.4e-05,True
stratx_533,EURC,43,75,8.6e-05,True
stratx_534,XLM,44,75,8.8e-05,True
stratx_535,USDC,45,75,9e-05,True
stratx_536,EURC,46,75,9.2e-05,True
stratx_537,XLM,47,75,9.4e-05,True
stratx_538,USDC,48,75,9.6e-05,True
stratx_539,EURC,49,75,9.8e-05,True
stratx_540,XLM,40,75,8e-05,True
stratx_541,USDC,41,75,8.2e-05,True
stratx_542,EURC,42,75,8.4e-05,True
stratx_543,XLM,43,75,8.6e-05,True
stratx_544,USDC,44,75,8.8e-05,True
stratx_545,EURC,45,75,9e-05,True
stratx_546,XLM,46,75,9.2e-05,True
stratx_547,USDC,47,75,9.4e-05,True
stratx_548,EURC,48,75,9.6e-05,True
stratx_549,XLM,49,75,9.8e-05,True
stratx_550,USDC,40,75,8e-05,True
stratx_551,EURC,41,75,8.2e-05,True
stratx_552,XLM,42,75,8.4e-05,True
stratx_553,USDC,43,75,8.6e-05,True
stratx_554,EURC,44,75,8.8e-05,True
stratx_555,XLM,45,75,9e-05,True
stratx_556,USDC,46,75,9.2e-05,True
stratx_557,EURC,47,75,9.4e-05,True
stratx_558,XLM,48,75,9.6e-05,True
stratx_559,USDC,49,75,9.8e-05,True
stratx_560,EURC,40,75,8e-05,True
stratx_561,XLM,41,75,8.2e-05,True
stratx_562,USDC,42,75,8.4e-05,True
stratx_563,EURC,43,75,8.6e-05,True
stratx_564,XLM,44,75,8.8e-05,True
stratx_565,USDC,45,75,9e-05,True
stratx_566,EURC,46,75,9.2e-05,True
stratx_567,XLM,47,75,9.4e-05,True
stratx_568,USDC,48,75,9.6e-05,True
stratx_569,EURC,49,75,9.8e-05,True
stratx_570,XLM,40,75,8e-05,True
stratx_571,USDC,41,75,8.2e-05,True
stratx_572,EURC,42,75,8.4e-05,True
stratx_573,XLM,43,75,8.6e-05,True
stratx_574,USDC,44,75,8.8e-05,True
stratx_575,EURC,45,75,9e-05,True
stratx_576,XLM,46,75,9.2e-05,True
stratx_577,USDC,47,75,9.4e-05,True
stratx_578,EURC,48,75,9.6e-05,True
stratx_579,XLM,49,75,9.8e-05,True
stratx_580,USDC,40,75,8e-05,True
stratx_581,EURC,41,75,8.2e-05,True
stratx_582,XLM,42,75,8.4e-05,True
stratx_583,USDC,43,75,8.6e-05,True
stratx_584,EURC,44,75,8.8e-05,True
stratx_585,XLM,45,75,9e-05,True
stratx_586,USDC,46,75,9.2e-05,True
stratx_587,EURC,47,75,9.4e-05,True
stratx_588,XLM,48,75,9.6e-05,True
stratx_589,USDC,49,75,9.8e-05,True
stratx_590,EURC,40,75,8e-05,True
stratx_591,XLM,41,75,8.2e-05,True
stratx_592,USDC,42,75,8.4e-05,True
stratx_593,EURC,43,75,8.6e-05,True
stratx_594,XLM,44,75,8.8e-05,True
stratx_595,USDC,45,75,9e-05,True
stratx_596,EURC,46,75,9.2e-05,True
stratx_597,XLM,47,75,9.4e-05,True
stratx_598,USDC,48,75,9.6e-05,True
stratx_599,EURC,49,75,9.8e-05,True
stratx_600,XLM,40,75,8e-05,True
stratx_601,USDC,41,75,8.2e-05,True
stratx_602,EURC,42,75,8.4e-05,True
stratx_603,XLM,43,75,8.6e-05,True
stratx_604,USDC,44,75,8.8e-05,True
stratx_605,EURC,45,75,9e-05,True
stratx_606,XLM,46,75,9.2e-05,True
stratx_607,USDC,47,75,9.4e-05,True
stratx_608,EURC,48,75,9.6e-05,True
stratx_609,XLM,49,75,9.8e-05,True
stratx_610,USDC,40,75,8e-05,True
stratx_611,EURC,41,75,8.2e-05,True
stratx_612,XLM,42,75,8.4e-05,True
stratx_613,USDC,43,75,8.6e-05,True
stratx_614,EURC,44,75,8.8e-05,True
stratx_615,XLM,45,75,9e-05,True
stratx_616,USDC,46,75,9.2e-05,True
stratx_617,EURC,47,75,9.4e-05,True
stratx_618,XLM,48,75,9.6e-05,True
stratx_619,USDC,49,75,9.8e-05,True
stratx_620,EURC,40,75,8e-05,True
stratx_621,XLM,41,75,8.2e-05,True
stratx_622,USDC,42,75,8.4e-05,True
stratx_623,EURC,43,75,8.6e-05,True
stratx_624,XLM,44,75,8.8e-05,True
stratx_625,USDC,45,75,9e-05,True
stratx_626,EURC,46,75,9.2e-05,True
stratx_627,XLM,47,75,9.4e-05,True
stratx_628,USDC,48,75,9.6e-05,True
stratx_629,EURC,49,75,9.8e-05,True
stratx_630,XLM,40,75,8e-05,True
stratx_631,USDC,41,75,8.2e-05,True
stratx_632,EURC,42,75,8.4e-05,True
stratx_633,XLM,43,75,8.6e-05,True
stratx_634,USDC,44,75,8.8e-05,True
stratx_635,EURC,45,75,9e-05,True
stratx_636,XLM,46,75,9.2e-05,True
stratx_637,USDC,47,75,9.4e-05,True
stratx_638,EURC,48,75,9.6e-05,True
stratx_639,XLM,49,75,9.8e-05,True
stratx_640,USDC,40,75,8e-05,True
stratx_641,EURC,41,75,8.2e-05,True
stratx_642,XLM,42,75,8.4e-05,True
stratx_643,USDC,43,75,8.6e-05,True
stratx_644,EURC,44,75,8.8e-05,True
stratx_645,XLM,45,75,9e-05,True
stratx_646,USDC,46,75,9.2e-05,True
stratx_647,EURC,47,75,9.4e-05,True
stratx_648,XLM,48,75,9.6e-05,True
stratx_649,USDC,49,75,9.8e-05,True
stratx_650,EURC,40,75,8e-05,True
stratx_651,XLM,41,75,8.2e-05,True
stratx_652,USDC,42,75,8.4e-05,True
stratx_653,EURC,43,75,8.6e-05,True
stratx_654,XLM,44,75,8.8e-05,True
stratx_655,USDC,45,75,9e-05,True
stratx_656,EURC,46,75,9.2e-05,True
stratx_657,XLM,47,75,9.4e-05,True
stratx_658,USDC,48,75,9.6e-05,True
stratx_659,EURC,49,75,9.8e-05,True
stratx_660,XLM,40,75,8e-05,True
stratx_661,USDC,41,75,8.2e-05,True
stratx_662,EURC,42,75,8.4e-05,True
stratx_663,XLM,43,75,8.6e-05,True
stratx_664,USDC,44,75,8.8e-05,True
stratx_665,EURC,45,75,9e-05,True
stratx_666,XLM,46,75,9.2e-05,True
stratx_667,USDC,47,75,9.4e-05,True
stratx_668,EURC,48,75,9.6e-05,True
stratx_669,XLM,49,75,9.8e-05,True
stratx_670,USDC,40,75,8e-05,True
stratx_671,EURC,41,75,8.2e-05,True
stratx_672,XLM,42,75,8.4e-05,True
stratx_673,USDC,43,75,8.6e-05,True
stratx_674,EURC,44,75,8.8e-05,True
stratx_675,XLM,45,75,9e-05,True
stratx_676,USDC,46,75,9.2e-05,True
stratx_677,EURC,47,75,9.4e-05,True
stratx_678,XLM,48,75,9.6e-05,True
stratx_679,USDC,49,75,9.8e-05,True
stratx_680,EURC,40,75,8e-05,True
stratx_681,XLM,41,75,8.2e-05,True
stratx_682,USDC,42,75,8.4e-05,True
stratx_683,EURC,43,75,8.6e-05,True
stratx_684,XLM,44,75,8.8e-05,True
stratx_685,USDC,45,75,9e-05,True
stratx_686,EURC,46,75,9.2e-05,True
stratx_687,XLM,47,75,9.4e-05,True
stratx_688,USDC,48,75,9.6e-05,True
stratx_689,EURC,49,75,9.8e-05,True
stratx_690,XLM,40,75,8e-05,True
stratx_691,USDC,41,75,8.2e-05,True
stratx_692,EURC,42,75,8.4e-05,True
stratx_693,XLM,43,75,8.6e-05,True
stratx_694,USDC,44,75,8.8e-05,True
stratx_695,EURC,45,75,9e-05,True
stratx_696,XLM,46,75,9.2e-05,True
stratx_697,USDC,47,75,9.4e-05,True
stratx_698,EURC,48,75,9.6e-05,True
stratx_699,XLM,49,75,9.8e-05,True
stratx_700,USDC,40,75,8e-05,True
stratx_701,EURC,41,75,8.2e-05,True
stratx_702,XLM,42,75,8.4e-05,True
stratx_703,USDC,43,75,8.6e-05,True
stratx_704,EURC,44,75,8.8e-05,True
stratx_705,XLM,45,75,9e-05,True
stratx_706,USDC,46,75,9.2e-05,True
stratx_707,EURC,47,75,9.4e-05,True
stratx_708,XLM,48,75,9.6e-05,True
stratx_709,USDC,49,75,9.8e-05,True
stratx_710,EURC,40,75,8e-05,True
stratx_711,XLM,41,75,8.2e-05,True
stratx_712,USDC,42,75,8.4e-05,True
stratx_713,EURC,43,75,8.6e-05,True
stratx_714,XLM,44,75,8.8e-05,True
stratx_715,USDC,45,75,9e-05,True
stratx_716,EURC,46,75,9.2e-05,True
stratx_717,XLM,47,75,9.4e-05,True
stratx_718,USDC,48,75,9.6e-05,True
stratx_719,EURC,49,75,9.8e-05,True
stratx_720,XLM,40,75,8e-05,True
stratx_721,USDC,41,75,8.2e-05,True
stratx_722,EURC,42,75,8.4e-05,True
stratx_723,XLM,43,75,8.6e-05,True
stratx_724,USDC,44,75,8.8e-05,True
stratx_725,EURC,45,75,9e-05,True
stratx_726,XLM,46,75,9.2e-05,True
stratx_727,USDC,47,75,9.4e-05,True
stratx_728,EURC,48,75,9.6e-05,True
stratx_729,XLM,49,75,9.8e-05,True
stratx_730,USDC,40,75,8e-05,True
stratx_731,EURC,41,75,8.2e-05,True
stratx_732,XLM,42,75,8.4e-05,True
stratx_733,USDC,43,75,8.6e-05,True
stratx_734,EURC,44,75,8.8e-05,True
stratx_735,XLM,45,75,9e-05,True
stratx_736,USDC,46,75,9.2e-05,True
stratx_737,EURC,47,75,9.4e-05,True
stratx_738,XLM,48,75,9.6e-05,True
stratx_739,USDC,49,75,9.8e-05,True
stratx_740,EURC,40,75,8e-05,True
stratx_741,XLM,41,75,8.2e-05,True
stratx_742,USDC,42,75,8.4e-05,True
stratx_743,EURC,43,75,8.6e-05,True
stratx_744,XLM,44,75,8.8e-05,True
stratx_745,USDC,45,75,9e-05,True
stratx_746,EURC,46,75,9.2e-05,True
stratx_747,XLM,47,75,9.4e-05,True
stratx_748,USDC,48,75,9.6e-05,True
stratx_749,EURC,49,75,9.8e-05,True
stratx_750,XLM,40,75,8e-05,True
stratx_751,USDC,41,75,8.2e-05,True
stratx_752,EURC,42,75,8.4e-05,True
stratx_753,XLM,43,75,8.6e-05,True
stratx_754,USDC,44,75,8.8e-05,True
stratx_755,EURC,45,75,9e-05,True
stratx_756,XLM,46,75,9.2e-05,True
stratx_757,USDC,47,75,9.4e-05,True
stratx_758,EURC,48,75,9.6e-05,True
stratx_759,XLM,49,75,9.8e-05,True
stratx_760,USDC,40,75,8e-05,True
stratx_761,EURC,41,75,8.2e-05,True
stratx_762,XLM,42,75,8.4e-05,True
stratx_763,USDC,43,75,8.6e-05,True
stratx_764,EURC,44,75,8.8e-05,True
stratx_765,XLM,45,75,9e-05,True
stratx_766,USDC,46,75,9.2e-05,True
stratx_767,EURC,47,75,9.4e-05,True
stratx_768,XLM,48,75,9.6e-05,True
stratx_769,USDC,49,75,9.8e-05,True
stratx_770,EURC,40,75,8e-05,True
stratx_771,XLM,41,75,8.2e-05,True
stratx_772,USDC,42,75,8.4e-05,True
stratx_773,EURC,43,75,8.6e-05,True
stratx_774,XLM,44,75,8.8e-05,True
stratx_775,USDC,45,75,9e-05,True
stratx_776,EURC,46,75,9.2e-05,True
stratx_777,XLM,47,75,9.4e-05,True
stratx_778,USDC,48,75,9.6e-05,True
stratx_779,EURC,49,75,9.8e-05,True
stratx_780,XLM,40,75,8e-05,True
stratx_781,USDC,41,75,8.2e-05,True
stratx_782,EURC,42,75,8.4e-05,True
stratx_783,XLM,43,75,8.6e-05,True
stratx_784,USDC,44,75,8.8e-05,True
stratx_785,EURC,45,75,9e-05,True
stratx_786,XLM,46,75,9.2e-05,True
stratx_787,USDC,47,75,9.4e-05,True
stratx_788,EURC,48,75,9.6e-05,True
stratx_789,XLM,49,75,9.8e-05,True
stratx_790,USDC,40,75,8e-05,True
stratx_791,EURC,41,75,8.2e-05,True
stratx_792,XLM,42,75,8.4e-05,True
stratx_793,USDC,43,75,8.6e-05,True
stratx_794,EURC,44,75,8.8e-05,True
stratx_795,XLM,45,75,9e-05,True
stratx_796,USDC,46,75,9.2e-05,True
stratx_797,EURC,47,75,9.4e-05,True
stratx_798,XLM,48,75,9.6e-05,True
stratx_799,USDC,49,75,9.8e-05,True
stratx_800,EURC,40,75,8e-05,True
stratx_801,XLM,41,75,8.2e-05,True
stratx_802,USDC,42,75,8.4e-05,True
stratx_803,EURC,43,75,8.6e-05,True
stratx_804,XLM,44,75,8.8e-05,True
stratx_805,USDC,45,75,9e-05,True
stratx_806,EURC,46,75,9.2e-05,True
stratx_807,XLM,47,75,9.4e-05,True
stratx_808,USDC,48,75,9.6e-05,True
stratx_809,EURC,49,75,9.8e-05,True
stratx_810,XLM,40,75,8e-05,True
stratx_811,USDC,41,75,8.2e-05,True
stratx_812,EURC,42,75,8.4e-05,True
stratx_813,XLM,43,75,8.6e-05,True
stratx_814,USDC,44,75,8.8e-05,True
stratx_815,EURC,45,75,9e-05,True
stratx_816,XLM,46,75,9.2e-05,True
stratx_817,USDC,47,75,9.4e-05,True
stratx_818,EURC,48,75,9.6e-05,True
stratx_819,XLM,49,75,9.8e-05,True
stratx_820,USDC,40,75,8e-05,True
stratx_821,EURC,41,75,8.2e-05,True
stratx_822,XLM,42,75,8.4e-05,True
stratx_823,USDC,43,75,8.6e-05,True
stratx_824,EURC,44,75,8.8e-05,True
stratx_825,XLM,45,75,9e-05,True
stratx_826,USDC,46,75,9.2e-05,True
stratx_827,EURC,47,75,9.4e-05,True
stratx_828,XLM,48,75,9.6e-05,True
stratx_829,USDC,49,75,9.8e-05,True
stratx_830,EURC,40,75,8e-05,True
stratx_831,XLM,41,75,8.2e-05,True
stratx_832,USDC,42,75,8.4e-05,True
stratx_833,EURC,43,75,8.6e-05,True
stratx_834,XLM,44,75,8.8e-05,True
stratx_835,USDC,45,75,9e-05,True
stratx_836,EURC,46,75,9.2e-05,True
stratx_837,XLM,47,75,9.4e-05,True
stratx_838,USDC,48,75,9.6e-05,True
stratx_839,EURC,49,75,9.8e-05,True
stratx_840,XLM,40,75,8e-05,True
stratx_841,USDC,41,75,8.2e-05,True
stratx_842,EURC,42,75,8.4e-05,True
stratx_843,XLM,43,75,8.6e-05,True
stratx_844,USDC,44,75,8.8e-05,True
stratx_845,EURC,45,75,9e-05,True
stratx_846,XLM,46,75,9.2e-05,True
stratx_847,USDC,47,75,9.4e-05,True
stratx_848,EURC,48,75,9.6e-05,True
stratx_849,XLM,49,75,9.8e-05,True
stratx_850,USDC,40,75,8e-05,True
stratx_851,EURC,41,75,8.2e-05,True
stratx_852,XLM,42,75,8.4e-05,True
stratx_853,USDC,43,75,8.6e-05,True
stratx_854,EURC,44,75,8.8e-05,True
stratx_855,XLM,45,75,9e-05,True
stratx_856,USDC,46,75,9.2e-05,True
stratx_857,EURC,47,75,9.4e-05,True
stratx_858,XLM,48,75,9.6e-05,True
stratx_859,USDC,49,75,9.8e-05,True
stratx_860,EURC,40,75,8e-05,True
stratx_861,XLM,41,75,8.2e-05,True
stratx_862,USDC,42,75,8.4e-05,True
stratx_863,EURC,43,75,8.6e-05,True
stratx_864,XLM,44,75,8.8e-05,True
stratx_865,USDC,45,75,9e-05,True
stratx_866,EURC,46,75,9.2e-05,True
stratx_867,XLM,47,75,9.4e-05,True
stratx_868,USDC,48,75,9.6e-05,True
stratx_869,EURC,49,75,9.8e-05,True
stratx_870,XLM,40,75,8e-05,True
stratx_871,USDC,41,75,8.2e-05,True
stratx_872,EURC,42,75,8.4e-05,True
stratx_873,XLM,43,75,8.6e-05,True
stratx_874,USDC,44,75,8.8e-05,True
stratx_875,EURC,45,75,9e-05,True
stratx_876,XLM,46,75,9.2e-05,True
stratx_877,USDC,47,75,9.4e-05,True
stratx_878,EURC,48,75,9.6e-05,True
stratx_879,XLM,49,75,9.8e-05,True
stratx_880,USDC,40,75,8e-05,True
stratx_881,EURC,41,75,8.2e-05,True
stratx_882,XLM,42,75,8.4e-05,True
stratx_883,USDC,43,75,8.6e-05,True
stratx_884,EURC,44,75,8.8e-05,True
stratx_885,XLM,45,75,9e-05,True
stratx_886,USDC,46,75,9.2e-05,True
stratx_887,EURC,47,75,9.4e-05,True
stratx_888,XLM,48,75,9.6e-05,True
stratx_889,USDC,49,75,9.8e-05,True
stratx_890,EURC,40,75,8e-05,True
stratx_891,XLM,41,75,8.2e-05,True
stratx_892,USDC,42,75,8.4e-05,True
stratx_893,EURC,43,75,8.6e-05,True
stratx_894,XLM,44,75,8.8e-05,True
stratx_895,USDC,45,75,9e-05,True
stratx_896,EURC,46,75,9.2e-05,True
stratx_897,XLM,47,75,9.4e-05,True
stratx_898,USDC,48,75,9.6e-05,True
stratx_899,EURC,49,75,9.8e-05,True
stratx_900,XLM,40,75,8e-05,True
stratx_901,USDC,41,75,8.2e-05,True
stratx_902,EURC,42,75,8.4e-05,True
stratx_903,XLM,43,75,8.6e-05,True
stratx_904,USDC,44,75,8.8e-05,True
stratx_905,EURC,45,75,9e-05,True
stratx_906,XLM,46,75,9.2e-05,True
stratx_907,USDC,47,75,9.4e-05,True
stratx_908,EURC,48,75,9.6e-05,True
stratx_909,XLM,49,75,9.8e-05,True
stratx_910,USDC,40,75,8e-05,True
stratx_911,EURC,41,75,8.2e-05,True
stratx_912,XLM,42,75,8.4e-05,True
stratx_913,USDC,43,75,8.6e-05,True
stratx_914,EURC,44,75,8.8e-05,True
stratx_915,XLM,45,75,9e-05,True
stratx_916,USDC,46,75,9.2e-05,True
stratx_917,EURC,47,75,9.4e-05,True
stratx_918,XLM,48,75,9.6e-05,True
stratx_919,USDC,49,75,9.8e-05,True
stratx_920,EURC,40,75,8e-05,True
stratx_921,XLM,41,75,8.2e-05,True
stratx_922,USDC,42,75,8.4e-05,True
stratx_923,EURC,43,75,8.6e-05,True
stratx_924,XLM,44,75,8.8e-05,True
stratx_925,USDC,45,75,9e-05,True
stratx_926,EURC,46,75,9.2e-05,True
stratx_927,XLM,47,75,9.4e-05,True
stratx_928,USDC,48,75,9.6e-05,True
stratx_929,EURC,49,75,9.8e-05,True
stratx_930,XLM,40,75,8e-05,True
stratx_931,USDC,41,75,8.2e-05,True
stratx_932,EURC,42,75,8.4e-05,True
stratx_933,XLM,43,75,8.6e-05,True
stratx_934,USDC,44,75,8.8e-05,True
stratx_935,EURC,45,75,9e-05,True
stratx_936,XLM,46,75,9.2e-05,True
stratx_937,USDC,47,75,9.4e-05,True
stratx_938,EURC,48,75,9.6e-05,True
stratx_939,XLM,49,75,9.8e-05,True
stratx_940,USDC,40,75,8e-05,True
stratx_941,EURC,41,75,8.2e-05,True
stratx_942,XLM,42,75,8.4e-05,True
stratx_943,USDC,43,75,8.6e-05,True
stratx_944,EURC,44,75,8.8e-05,True
stratx_945,XLM,45,75,9e-05,True
stratx_946,USDC,46,75,9.2e-05,True
stratx_947,EURC,47,75,9.4e-05,True
stratx_948,XLM,48,75,9.6e-05,True
stratx_949,USDC,49,75,9.8e-05,True
stratx_950,EURC,40,75,8e-05,True
stratx_951,XLM,41,75,8.2e-05,True
stratx_952,USDC,42,75,8.4e-05,True
stratx_953,EURC,43,75,8.6e-05,True
stratx_954,XLM,44,75,8.8e-05,True
stratx_955,USDC,45,75,9e-05,True
stratx_956,EURC,46,75,9.2e-05,True
stratx_957,XLM,47,75,9.4e-05,True
stratx_958,USDC,48,75,9.6e-05,True
stratx_959,EURC,49,75,9.8e-05,True
stratx_960,XLM,40,75,8e-05,True
stratx_961,USDC,41,75,8.2e-05,True
stratx_962,EURC,42,75,8.4e-05,True
stratx_963,XLM,43,75,8.6e-05,True
stratx_964,USDC,44,75,8.8e-05,True
stratx_965,EURC,45,75,9e-05,True
stratx_966,XLM,46,75,9.2e-05,True
stratx_967,USDC,47,75,9.4e-05,True
stratx_968,EURC,48,75,9.6e-05,True
stratx_969,XLM,49,75,9.8e-05,True
stratx_970,USDC,40,75,8e-05,True
stratx_971,EURC,41,75,8.2e-05,True
stratx_972,XLM,42,75,8.4e-05,True
stratx_973,USDC,43,75,8.6e-05,True
stratx_974,EURC,44,75,8.8e-05,True
stratx_975,XLM,45,75,9e-05,True
stratx_976,USDC,46,75,9.2e-05,True
stratx_977,EURC,47,75,9.4e-05,True
stratx_978,XLM,48,75,9.6e-05,True
stratx_979,USDC,49,75,9.8e-05,True
stratx_980,EURC,40,75,8e-05,True
stratx_981,XLM,41,75,8.2e-05,True
stratx_982,USDC,42,75,8.4e-05,True
stratx_983,EURC,43,75,8.6e-05,True
stratx_984,XLM,44,75,8.8e-05,True
stratx_985,USDC,45,75,9e-05,True
stratx_986,EURC,46,75,9.2e-05,True
stratx_987,XLM,47,75,9.4e-05,True
stratx_988,USDC,48,75,9.6e-05,True
stratx_989,EURC,49,75,9.8e-05,True
stratx_990,XLM,40,75,8e-05,True
stratx_991,USDC,41,75,8.2e-05,True
stratx_992,EURC,42,75,8.4e-05,True
stratx_993,XLM,43,75,8.6e-05,True
stratx_994,USDC,44,75,8.8e-05,True
stratx_995,EURC,45,75,9e-05,True
stratx_996,XLM,46,75,9.2e-05,True
stratx_997,USDC,47,75,9.4e-05,True
stratx_998,EURC,48,75,9.6e-05,True
stratx_999,XLM,49,75,9.8e-05,True
stratx_1000,USDC,40,75,8e-05,True
stratx_1001,EURC,41,75,8.2e-05,True
stratx_1002,XLM,42,75,8.4e-05,True
stratx_1003,USDC,43,75,8.6e-05,True
stratx_1004,EURC,44,75,8.8e-05,True
stratx_1005,XLM,45,75,9e-05,True
stratx_1006,USDC,46,75,9.2e-05,True
stratx_1007,EURC,47,75,9.4e-05,True
stratx_1008,XLM,48,75,9.6e-05,True
stratx_1009,USDC,49,75,9.8e-05,True
stratx_1010,EURC,40,75,8e-05,True
stratx_1011,XLM,41,75,8.2e-05,True
stratx_1012,USDC,42,75,8.4e-05,True
stratx_1013,EURC,43,75,8.6e-05,True
stratx_1014,XLM,44,75,8.8e-05,True
stratx_1015,USDC,45,75,9e-05,True
stratx_1016,EURC,46,75,9.2e-05,True
stratx_1017,XLM,47,75,9.4e-05,True
stratx_1018,USDC,48,75,9.6e-05,True
stratx_1019,EURC,49,75,9.8e-05,True
stratx_1020,XLM,40,75,8e-05,True
stratx_1021,USDC,41,75,8.2e-05,True
stratx_1022,EURC,42,75,8.4e-05,True
stratx_1023,XLM,43,75,8.6e-05,True
stratx_1024,USDC,44,75,8.8e-05,True
stratx_1025,EURC,45,75,9e-05,True
stratx_1026,XLM,46,75,9.2e-05,True
stratx_1027,USDC,47,75,9.4e-05,True
stratx_1028,EURC,48,75,9.6e-05,True
stratx_1029,XLM,49,75,9.8e-05,True
stratx_1030,USDC,40,75,8e-05,True
stratx_1031,EURC,41,75,8.2e-05,True
stratx_1032,XLM,42,75,8.4e-05,True
stratx_1033,USDC,43,75,8.6e-05,True
stratx_1034,EURC,44,75,8.8e-05,True
stratx_1035,XLM,45,75,9e-05,True
stratx_1036,USDC,46,75,9.2e-05,True
stratx_1037,EURC,47,75,9.4e-05,True
stratx_1038,XLM,48,75,9.6e-05,True
stratx_1039,USDC,49,75,9.8e-05,True
stratx_1040,EURC,40,75,8e-05,True
stratx_1041,XLM,41,75,8.2e-05,True
stratx_1042,USDC,42,75,8.4e-05,True
stratx_1043,EURC,43,75,8.6e-05,True
stratx_1044,XLM,44,75,8.8e-05,True
stratx_1045,USDC,45,75,9e-05,True
stratx_1046,EURC,46,75,9.2e-05,True
stratx_1047,XLM,47,75,9.4e-05,True
stratx_1048,USDC,48,75,9.6e-05,True
stratx_1049,EURC,49,75,9.8e-05,True
stratx_1050,XLM,40,75,8e-05,True
stratx_1051,USDC,41,75,8.2e-05,True
stratx_1052,EURC,42,75,8.4e-05,True
stratx_1053,XLM,43,75,8.6e-05,True
stratx_1054,USDC,44,75,8.8e-05,True
stratx_1055,EURC,45,75,9e-05,True
stratx_1056,XLM,46,75,9.2e-05,True
stratx_1057,USDC,47,75,9.4e-05,True
stratx_1058,EURC,48,75,9.6e-05,True
stratx_1059,XLM,49,75,9.8e-05,True
stratx_1060,USDC,40,75,8e-05,True
stratx_1061,EURC,41,75,8.2e-05,True
stratx_1062,XLM,42,75,8.4e-05,True
stratx_1063,USDC,43,75,8.6e-05,True
stratx_1064,EURC,44,75,8.8e-05,True
stratx_1065,XLM,45,75,9e-05,True
stratx_1066,USDC,46,75,9.2e-05,True
stratx_1067,EURC,47,75,9.4e-05,True
stratx_1068,XLM,48,75,9.6e-05,True
stratx_1069,USDC,49,75,9.8e-05,True
stratx_1070,EURC,40,75,8e-05,True
stratx_1071,XLM,41,75,8.2e-05,True
stratx_1072,USDC,42,75,8.4e-05,True
stratx_1073,EURC,43,75,8.6e-05,True
stratx_1074,XLM,44,75,8.8e-05,True
stratx_1075,USDC,45,75,9e-05,True
stratx_1076,EURC,46,75,9.2e-05,True
stratx_1077,XLM,47,75,9.4e-05,True
stratx_1078,USDC,48,75,9.6e-05,True
stratx_1079,EURC,49,75,9.8e-05,True
stratx_1080,XLM,40,75,8e-05,True
stratx_1081,USDC,41,75,8.2e-05,True
stratx_1082,EURC,42,75,8.4e-05,True
stratx_1083,XLM,43,75,8.6e-05,True
stratx_1084,USDC,44,75,8.8e-05,True
stratx_1085,EURC,45,75,9e-05,True
stratx_1086,XLM,46,75,9.2e-05,True
stratx_1087,USDC,47,75,9.4e-05,True
stratx_1088,EURC,48,75,9.6e-05,True
stratx_1089,XLM,49,75,9.8e-05,True
stratx_1090,USDC,40,75,8e-05,True
stratx_1091,EURC,41,75,8.2e-05,True
stratx_1092,XLM,42,75,8.4e-05,True
stratx_1093,USDC,43,75,8.6e-05,True
stratx_1094,EURC,44,75,8.8e-05,True
stratx_1095,XLM,45,75,9e-05,True
stratx_1096,USDC,46,75,9.2e-05,True
stratx_1097,EURC,47,75,9.4e-05,True
stratx_1098,XLM,48,75,9.6e-05,True
stratx_1099,USDC,49,75,9.8e-05,True
stratx_1100,EURC,40,75,8e-05,True
stratx_1101,XLM,41,75,8.2e-05,True
stratx_1102,USDC,42,75,8.4e-05,True
stratx_1103,EURC,43,75,8.6e-05,True
stratx_1104,XLM,44,75,8.8e-05,True
stratx_1105,USDC,45,75,9e-05,True
stratx_1106,EURC,46,75,9.2e-05,True
stratx_1107,XLM,47,75,9.4e-05,True
stratx_1108,USDC,48,75,9.6e-05,True
stratx_1109,EURC,49,75,9.8e-05,True
stratx_1110,XLM,40,75,8e-05,True
stratx_1111,USDC,41,75,8.2e-05,True
stratx_1112,EURC,42,75,8.4e-05,True
stratx_1113,XLM,43,75,8.6e-05,True
stratx_1114,USDC,44,75,8.8e-05,True
stratx_1115,EURC,45,75,9e-05,True
stratx_1116,XLM,46,75,9.2e-05,True
stratx_1117,USDC,47,75,9.4e-05,True
stratx_1118,EURC,48,75,9.6e-05,True
stratx_1119,XLM,49,75,9.8e-05,True
stratx_1120,USDC,40,75,8e-05,True
stratx_1121,EURC,41,75,8.2e-05,True
stratx_1122,XLM,42,75,8.4e-05,True
stratx_1123,USDC,43,75,8.6e-05,True
stratx_1124,EURC,44,75,8.8e-05,True
stratx_1125,XLM,45,75,9e-05,True
stratx_1126,USDC,46,75,9.2e-05,True
stratx_1127,EURC,47,75,9.4e-05,True
stratx_1128,XLM,48,75,9.6e-05,True
stratx_1129,USDC,49,75,9.8e-05,True
stratx_1130,EURC,40,75,8e-05,True
stratx_1131,XLM,41,75,8.2e-05,True
stratx_1132,USDC,42,75,8.4e-05,True
stratx_1133,EURC,43,75,8.6e-05,True
stratx_1134,XLM,44,75,8.8e-05,True
stratx_1135,USDC,45,75,9e-05,True
stratx_1136,EURC,46,75,9.2e-05,True
stratx_1137,XLM,47,75,9.4e-05,True
stratx_1138,USDC,48,75,9.6e-05,True
stratx_1139,EURC,49,75,9.8e-05,True
stratx_1140,XLM,40,75,8e-05,True
stratx_1141,USDC,41,75,8.2e-05,True
stratx_1142,EURC,42,75,8.4e-05,True
stratx_1143,XLM,43,75,8.6e-05,True
stratx_1144,USDC,44,75,8.8e-05,True
stratx_1145,EURC,45,75,9e-05,True
stratx_1146,XLM,46,75,9.2e-05,True
stratx_1147,USDC,47,75,9.4e-05,True
stratx_1148,EURC,48,75,9.6e-05,True
stratx_1149,XLM,49,75,9.8e-05,True
stratx_1150,USDC,40,75,8e-05,True
stratx_1151,EURC,41,75,8.2e-05,True
stratx_1152,XLM,42,75,8.4e-05,True
stratx_1153,USDC,43,75,8.6e-05,True
stratx_1154,EURC,44,75,8.8e-05,True
stratx_1155,XLM,45,75,9e-05,True
stratx_1156,USDC,46,75,9.2e-05,True
stratx_1157,EURC,47,75,9.4e-05,True
stratx_1158,XLM,48,75,9.6e-05,True
stratx_1159,USDC,49,75,9.8e-05,True
stratx_1160,EURC,40,75,8e-05,True
stratx_1161,XLM,41,75,8.2e-05,True
stratx_1162,USDC,42,75,8.4e-05,True
stratx_1163,EURC,43,75,8.6e-05,True
stratx_1164,XLM,44,75,8.8e-05,True
stratx_1165,USDC,45,75,9e-05,True
stratx_1166,EURC,46,75,9.2e-05,True
stratx_1167,XLM,47,75,9.4e-05,True
stratx_1168,USDC,48,75,9.6e-05,True
stratx_1169,EURC,49,75,9.8e-05,True
stratx_1170,XLM,40,75,8e-05,True
stratx_1171,USDC,41,75,8.2e-05,True
stratx_1172,EURC,42,75,8.4e-05,True
stratx_1173,XLM,43,75,8.6e-05,True
stratx_1174,USDC,44,75,8.8e-05,True
stratx_1175,EURC,45,75,9e-05,True
stratx_1176,XLM,46,75,9.2e-05,True
stratx_1177,USDC,47,75,9.4e-05,True
stratx_1178,EURC,48,75,9.6e-05,True
stratx_1179,XLM,49,75,9.8e-05,True
stratx_1180,USDC,40,75,8e-05,True
stratx_1181,EURC,41,75,8.2e-05,True
stratx_1182,XLM,42,75,8.4e-05,True
stratx_1183,USDC,43,75,8.6e-05,True
stratx_1184,EURC,44,75,8.8e-05,True
stratx_1185,XLM,45,75,9e-05,True
stratx_1186,USDC,46,75,9.2e-05,True
stratx_1187,EURC,47,75,9.4e-05,True
stratx_1188,XLM,48,75,9.6e-05,True
stratx_1189,USDC,49,75,9.8e-05,True
stratx_1190,EURC,40,75,8e-05,True
stratx_1191,XLM,41,75,8.2e-05,True
stratx_1192,USDC,42,75,8.4e-05,True
stratx_1193,EURC,43,75,8.6e-05,True
stratx_1194,XLM,44,75,8.8e-05,True
stratx_1195,USDC,45,75,9e-05,True
stratx_1196,EURC,46,75,9.2e-05,True
stratx_1197,XLM,47,75,9.4e-05,True
stratx_1198,USDC,48,75,9.6e-05,True
stratx_1199,EURC,49,75,9.8e-05,True
stratx_1200,XLM,40,75,8e-05,True
stratx_1201,USDC,41,75,8.2e-05,True
stratx_1202,EURC,42,75,8.4e-05,True
stratx_1203,XLM,43,75,8.6e-05,True
stratx_1204,USDC,44,75,8.8e-05,True
stratx_1205,EURC,45,75,9e-05,True
stratx_1206,XLM,46,75,9.2e-05,True
stratx_1207,USDC,47,75,9.4e-05,True
stratx_1208,EURC,48,75,9.6e-05,True
stratx_1209,XLM,49,75,9.8e-05,True
stratx_1210,USDC,40,75,8e-05,True
stratx_1211,EURC,41,75,8.2e-05,True
stratx_1212,XLM,42,75,8.4e-05,True
stratx_1213,USDC,43,75,8.6e-05,True
stratx_1214,EURC,44,75,8.8e-05,True
stratx_1215,XLM,45,75,9e-05,True
stratx_1216,USDC,46,75,9.2e-05,True
stratx_1217,EURC,47,75,9.4e-05,True
stratx_1218,XLM,48,75,9.6e-05,True
stratx_1219,USDC,49,75,9.8e-05,True
stratx_1220,EURC,40,75,8e-05,True
stratx_1221,XLM,41,75,8.2e-05,True
stratx_1222,USDC,42,75,8.4e-05,True
stratx_1223,EURC,43,75,8.6e-05,True
stratx_1224,XLM,44,75,8.8e-05,True
stratx_1225,USDC,45,75,9e-05,True
stratx_1226,EURC,46,75,9.2e-05,True
stratx_1227,XLM,47,75,9.4e-05,True
stratx_1228,USDC,48,75,9.6e-05,True
stratx_1229,EURC,49,75,9.8e-05,True
stratx_1230,XLM,40,75,8e-05,True
stratx_1231,USDC,41,75,8.2e-05,True
stratx_1232,EURC,42,75,8.4e-05,True
stratx_1233,XLM,43,75,8.6e-05,True
stratx_1234,USDC,44,75,8.8e-05,True
stratx_1235,EURC,45,75,9e-05,True
stratx_1236,XLM,46,75,9.2e-05,True
stratx_1237,USDC,47,75,9.4e-05,True
stratx_1238,EURC,48,75,9.6e-05,True
stratx_1239,XLM,49,75,9.8e-05,True
stratx_1240,USDC,40,75,8e-05,True
stratx_1241,EURC,41,75,8.2e-05,True
stratx_1242,XLM,42,75,8.4e-05,True
stratx_1243,USDC,43,75,8.6e-05,True
stratx_1244,EURC,44,75,8.8e-05,True
stratx_1245,XLM,45,75,9e-05,True
stratx_1246,USDC,46,75,9.2e-05,True
stratx_1247,EURC,47,75,9.4e-05,True
stratx_1248,XLM,48,75,9.6e-05,True
stratx_1249,USDC,49,75,9.8e-05,True
stratx_1250,EURC,40,75,8e-05,True
stratx_1251,XLM,41,75,8.2e-05,True
stratx_1252,USDC,42,75,8.4e-05,True
stratx_1253,EURC,43,75,8.6e-05,True
stratx_1254,XLM,44,75,8.8e-05,True
stratx_1255,USDC,45,75,9e-05,True
stratx_1256,EURC,46,75,9.2e-05,True
stratx_1257,XLM,47,75,9.4e-05,True
stratx_1258,USDC,48,75,9.6e-05,True
stratx_1259,EURC,49,75,9.8e-05,True
stratx_1260,XLM,40,75,8e-05,True
stratx_1261,USDC,41,75,8.2e-05,True
stratx_1262,EURC,42,75,8.4e-05,True
stratx_1263,XLM,43,75,8.6e-05,True
stratx_1264,USDC,44,75,8.8e-05,True
stratx_1265,EURC,45,75,9e-05,True
stratx_1266,XLM,46,75,9.2e-05,True
stratx_1267,USDC,47,75,9.4e-05,True
stratx_1268,EURC,48,75,9.6e-05,True
stratx_1269,XLM,49,75,9.8e-05,True
stratx_1270,USDC,40,75,8e-05,True
stratx_1271,EURC,41,75,8.2e-05,True
stratx_1272,XLM,42,75,8.4e-05,True
stratx_1273,USDC,43,75,8.6e-05,True
stratx_1274,EURC,44,75,8.8e-05,True
stratx_1275,XLM,45,75,9e-05,True
stratx_1276,USDC,46,75,9.2e-05,True
stratx_1277,EURC,47,75,9.4e-05,True
stratx_1278,XLM,48,75,9.6e-05,True
stratx_1279,USDC,49,75,9.8e-05,True
stratx_1280,EURC,40,75,8e-05,True
stratx_1281,XLM,41,75,8.2e-05,True
stratx_1282,USDC,42,75,8.4e-05,True
stratx_1283,EURC,43,75,8.6e-05,True
stratx_1284,XLM,44,75,8.8e-05,True
stratx_1285,USDC,45,75,9e-05,True
stratx_1286,EURC,46,75,9.2e-05,True
stratx_1287,XLM,47,75,9.4e-05,True
stratx_1288,USDC,48,75,9.6e-05,True
stratx_1289,EURC,49,75,9.8e-05,True
stratx_1290,XLM,40,75,8e-05,True
stratx_1291,USDC,41,75,8.2e-05,True
stratx_1292,EURC,42,75,8.4e-05,True
stratx_1293,XLM,43,75,8.6e-05,True
stratx_1294,USDC,44,75,8.8e-05,True
stratx_1295,EURC,45,75,9e-05,True
stratx_1296,XLM,46,75,9.2e-05,True
stratx_1297,USDC,47,75,9.4e-05,True
stratx_1298,EURC,48,75,9.6e-05,True
stratx_1299,XLM,49,75,9.8e-05,True
stratx_1300,USDC,40,75,8e-05,True
stratx_1301,EURC,41,75,8.2e-05,True
stratx_1302,XLM,42,75,8.4e-05,True
stratx_1303,USDC,43,75,8.6e-05,True
stratx_1304,EURC,44,75,8.8e-05,True
stratx_1305,XLM,45,75,9e-05,True
stratx_1306,USDC,46,75,9.2e-05,True
stratx_1307,EURC,47,75,9.4e-05,True
stratx_1308,XLM,48,75,9.6e-05,True
stratx_1309,USDC,49,75,9.8e-05,True
stratx_1310,EURC,40,75,8e-05,True
stratx_1311,XLM,41,75,8.2e-05,True
stratx_1312,USDC,42,75,8.4e-05,True
stratx_1313,EURC,43,75,8.6e-05,True
stratx_1314,XLM,44,75,8.8e-05,True
stratx_1315,USDC,45,75,9e-05,True
stratx_1316,EURC,46,75,9.2e-05,True
stratx_1317,XLM,47,75,9.4e-05,True
stratx_1318,USDC,48,75,9.6e-05,True
stratx_1319,EURC,49,75,9.8e-05,True
stratx_1320,XLM,40,75,8e-05,True
stratx_1321,USDC,41,75,8.2e-05,True
stratx_1322,EURC,42,75,8.4e-05,True
stratx_1323,XLM,43,75,8.6e-05,True
stratx_1324,USDC,44,75,8.8e-05,True
stratx_1325,EURC,45,75,9e-05,True
stratx_1326,XLM,46,75,9.2e-05,True
stratx_1327,USDC,47,75,9.4e-05,True
stratx_1328,EURC,48,75,9.6e-05,True
stratx_1329,XLM,49,75,9.8e-05,True
stratx_1330,USDC,40,75,8e-05,True
stratx_1331,EURC,41,75,8.2e-05,True
stratx_1332,XLM,42,75,8.4e-05,True
stratx_1333,USDC,43,75,8.6e-05,True
stratx_1334,EURC,44,75,8.8e-05,True
stratx_1335,XLM,45,75,9e-05,True
stratx_1336,USDC,46,75,9.2e-05,True
stratx_1337,EURC,47,75,9.4e-05,True
stratx_1338,XLM,48,75,9.6e-05,True
stratx_1339,USDC,49,75,9.8e-05,True
stratx_1340,EURC,40,75,8e-05,True
stratx_1341,XLM,41,75,8.2e-05,True
stratx_1342,USDC,42,75,8.4e-05,True
stratx_1343,EURC,43,75,8.6e-05,True
stratx_1344,XLM,44,75,8.8e-05,True
stratx_1345,USDC,45,75,9e-05,True
stratx_1346,EURC,46,75,9.2e-05,True
stratx_1347,XLM,47,75,9.4e-05,True
stratx_1348,USDC,48,75,9.6e-05,True
stratx_1349,EURC,49,75,9.8e-05,True
stratx_1350,XLM,40,75,8e-05,True
stratx_1351,USDC,41,75,8.2e-05,True
stratx_1352,EURC,42,75,8.4e-05,True
stratx_1353,XLM,43,75,8.6e-05,True
stratx_1354,USDC,44,75,8.8e-05,True
stratx_1355,EURC,45,75,9e-05,True
stratx_1356,XLM,46,75,9.2e-05,True
stratx_1357,USDC,47,75,9.4e-05,True
stratx_1358,EURC,48,75,9.6e-05,True
stratx_1359,XLM,49,75,9.8e-05,True
stratx_1360,USDC,40,75,8e-05,True
stratx_1361,EURC,41,75,8.2e-05,True
stratx_1362,XLM,42,75,8.4e-05,True
stratx_1363,USDC,43,75,8.6e-05,True
stratx_1364,EURC,44,75,8.8e-05,True
stratx_1365,XLM,45,75,9e-05,True
stratx_1366,USDC,46,75,9.2e-05,True
stratx_1367,EURC,47,75,9.4e-05,True
stratx_1368,XLM,48,75,9.6e-05,True
stratx_1369,USDC,49,75,9.8e-05,True
stratx_1370,EURC,40,75,8e-05,True
stratx_1371,XLM,41,75,8.2e-05,True
stratx_1372,USDC,42,75,8.4e-05,True
stratx_1373,EURC,43,75,8.6e-05,True
stratx_1374,XLM,44,75,8.8e-05,True
stratx_1375,USDC,45,75,9e-05,True
stratx_1376,EURC,46,75,9.2e-05,True
stratx_1377,XLM,47,75,9.4e-05,True
stratx_1378,USDC,48,75,9.6e-05,True
stratx_1379,EURC,49,75,9.8e-05,True
stratx_1380,XLM,40,75,8e-05,True
stratx_1381,USDC,41,75,8.2e-05,True
stratx_1382,EURC,42,75,8.4e-05,True
stratx_1383,XLM,43,75,8.6e-05,True
stratx_1384,USDC,44,75,8.8e-05,True
stratx_1385,EURC,45,75,9e-05,True
stratx_1386,XLM,46,75,9.2e-05,True
stratx_1387,USDC,47,75,9.4e-05,True
stratx_1388,EURC,48,75,9.6e-05,True
stratx_1389,XLM,49,75,9.8e-05,True
stratx_1390,USDC,40,75,8e-05,True
stratx_1391,EURC,41,75,8.2e-05,True
stratx_1392,XLM,42,75,8.4e-05,True
stratx_1393,USDC,43,75,8.6e-05,True
stratx_1394,EURC,44,75,8.8e-05,True
stratx_1395,XLM,45,75,9e-05,True
stratx_1396,USDC,46,75,9.2e-05,True
stratx_1397,EURC,47,75,9.4e-05,True
stratx_1398,XLM,48,75,9.6e-05,True
stratx_1399,USDC,49,75,9.8e-05,True
stratx_1400,EURC,40,75,8e-05,True
stratx_1401,XLM,41,75,8.2e-05,True
stratx_1402,USDC,42,75,8.4e-05,True
stratx_1403,EURC,43,75,8.6e-05,True
stratx_1404,XLM,44,75,8.8e-05,True
stratx_1405,USDC,45,75,9e-05,True
stratx_1406,EURC,46,75,9.2e-05,True
stratx_1407,XLM,47,75,9.4e-05,True
stratx_1408,USDC,48,75,9.6e-05,True
stratx_1409,EURC,49,75,9.8e-05,True
stratx_1410,XLM,40,75,8e-05,True
stratx_1411,USDC,41,75,8.2e-05,True
stratx_1412,EURC,42,75,8.4e-05,True
stratx_1413,XLM,43,75,8.6e-05,True
stratx_1414,USDC,44,75,8.8e-05,True
stratx_1415,EURC,45,75,9e-05,True
stratx_1416,XLM,46,75,9.2e-05,True
stratx_1417,USDC,47,75,9.4e-05,True
stratx_1418,EURC,48,75,9.6e-05,True
stratx_1419,XLM,49,75,9.8e-05,True
stratx_1420,USDC,40,75,8e-05,True
stratx_1421,EURC,41,75,8.2e-05,True
stratx_1422,XLM,42,75,8.4e-05,True
stratx_1423,USDC,43,75,8.6e-05,True
stratx_1424,EURC,44,75,8.8e-05,True
stratx_1425,XLM,45,75,9e-05,True
stratx_1426,USDC,46,75,9.2e-05,True
stratx_1427,EURC,47,75,9.4e-05,True
stratx_1428,XLM,48,75,9.6e-05,True
stratx_1429,USDC,49,75,9.8e-05,True
stratx_1430,EURC,40,75,8e-05,True
stratx_1431,XLM,41,75,8.2e-05,True
stratx_1432,USDC,42,75,8.4e-05,True
stratx_1433,EURC,43,75,8.6e-05,True
stratx_1434,XLM,44,75,8.8e-05,True
stratx_1435,USDC,45,75,9e-05,True
stratx_1436,EURC,46,75,9.2e-05,True
stratx_1437,XLM,47,75,9.4e-05,True
stratx_1438,USDC,48,75,9.6e-05,True
stratx_1439,EURC,49,75,9.8e-05,True
stratx_1440,XLM,40,75,8e-05,True
stratx_1441,USDC,41,75,8.2e-05,True
stratx_1442,EURC,42,75,8.4e-05,True
stratx_1443,XLM,43,75,8.6e-05,True
stratx_1444,USDC,44,75,8.8e-05,True
stratx_1445,EURC,45,75,9e-05,True
stratx_1446,XLM,46,75,9.2e-05,True
stratx_1447,USDC,47,75,9.4e-05,True
stratx_1448,EURC,48,75,9.6e-05,True
stratx_1449,XLM,49,75,9.8e-05,True
stratx_1450,USDC,40,75,8e-05,True
stratx_1451,EURC,41,75,8.2e-05,True
stratx_1452,XLM,42,75,8.4e-05,True
stratx_1453,USDC,43,75,8.6e-05,True
stratx_1454,EURC,44,75,8.8e-05,True
stratx_1455,XLM,45,75,9e-05,True
stratx_1456,USDC,46,75,9.2e-05,True
stratx_1457,EURC,47,75,9.4e-05,True
stratx_1458,XLM,48,75,9.6e-05,True
stratx_1459,USDC,49,75,9.8e-05,True
stratx_1460,EURC,40,75,8e-05,True
stratx_1461,XLM,41,75,8.2e-05,True
stratx_1462,USDC,42,75,8.4e-05,True
stratx_1463,EURC,43,75,8.6e-05,True
stratx_1464,XLM,44,75,8.8e-05,True
stratx_1465,USDC,45,75,9e-05,True
stratx_1466,EURC,46,75,9.2e-05,True
stratx_1467,XLM,47,75,9.4e-05,True
stratx_1468,USDC,48,75,9.6e-05,True
stratx_1469,EURC,49,75,9.8e-05,True
stratx_1470,XLM,40,75,8e-05,True
stratx_1471,USDC,41,75,8.2e-05,True
stratx_1472,EURC,42,75,8.4e-05,True
stratx_1473,XLM,43,75,8.6e-05,True
stratx_1474,USDC,44,75,8.8e-05,True
stratx_1475,EURC,45,75,9e-05,True
stratx_1476,XLM,46,75,9.2e-05,True
stratx_1477,USDC,47,75,9.4e-05,True
stratx_1478,EURC,48,75,9.6e-05,True
stratx_1479,XLM,49,75,9.8e-05,True
stratx_1480,USDC,40,75,8e-05,True
stratx_1481,EURC,41,75,8.2e-05,True
stratx_1482,XLM,42,75,8.4e-05,True
stratx_1483,USDC,43,75,8.6e-05,True
stratx_1484,EURC,44,75,8.8e-05,True
stratx_1485,XLM,45,75,9e-05,True
stratx_1486,USDC,46,75,9.2e-05,True
stratx_1487,EURC,47,75,9.4e-05,True
stratx_1488,XLM,48,75,9.6e-05,True
stratx_1489,USDC,49,75,9.8e-05,True
stratx_1490,EURC,40,75,8e-05,True
stratx_1491,XLM,41,75,8.2e-05,True
stratx_1492,USDC,42,75,8.4e-05,True
stratx_1493,EURC,43,75,8.6e-05,True
stratx_1494,XLM,44,75,8.8e-05,True
stratx_1495,USDC,45,75,9e-05,True
stratx_1496,EURC,46,75,9.2e-05,True
stratx_1497,XLM,47,75,9.4e-05,True
stratx_1498,USDC,48,75,9.6e-05,True
stratx_1499,EURC,49,75,9.8e-05,True
stratx_1500,XLM,40,75,8e-05,True
stratx_1501,USDC,41,75,8.2e-05,True
stratx_1502,EURC,42,75,8.4e-05,True
stratx_1503,XLM,43,75,8.6e-05,True
stratx_1504,USDC,44,75,8.8e-05,True
stratx_1505,EURC,45,75,9e-05,True
stratx_1506,XLM,46,75,9.2e-05,True
stratx_1507,USDC,47,75,9.4e-05,True
stratx_1508,EURC,48,75,9.6e-05,True
stratx_1509,XLM,49,75,9.8e-05,True
stratx_1510,USDC,40,75,8e-05,True
stratx_1511,EURC,41,75,8.2e-05,True
stratx_1512,XLM,42,75,8.4e-05,True
stratx_1513,USDC,43,75,8.6e-05,True
stratx_1514,EURC,44,75,8.8e-05,True
stratx_1515,XLM,45,75,9e-05,True
stratx_1516,USDC,46,75,9.2e-05,True
stratx_1517,EURC,47,75,9.4e-05,True
stratx_1518,XLM,48,75,9.6e-05,True
stratx_1519,USDC,49,75,9.8e-05,True
stratx_1520,EURC,40,75,8e-05,True
stratx_1521,XLM,41,75,8.2e-05,True
stratx_1522,USDC,42,75,8.4e-05,True
stratx_1523,EURC,43,75,8.6e-05,True
stratx_1524,XLM,44,75,8.8e-05,True
stratx_1525,USDC,45,75,9e-05,True
stratx_1526,EURC,46,75,9.2e-05,True
stratx_1527,XLM,47,75,9.4e-05,True
stratx_1528,USDC,48,75,9.6e-05,True
stratx_1529,EURC,49,75,9.8e-05,True
stratx_1530,XLM,40,75,8e-05,True
stratx_1531,USDC,41,75,8.2e-05,True
stratx_1532,EURC,42,75,8.4e-05,True
stratx_1533,XLM,43,75,8.6e-05,True
stratx_1534,USDC,44,75,8.8e-05,True
stratx_1535,EURC,45,75,9e-05,True
stratx_1536,XLM,46,75,9.2e-05,True
stratx_1537,USDC,47,75,9.4e-05,True
stratx_1538,EURC,48,75,9.6e-05,True
stratx_1539,XLM,49,75,9.8e-05,True
stratx_1540,USDC,40,75,8e-05,True
stratx_1541,EURC,41,75,8.2e-05,True
stratx_1542,XLM,42,75,8.4e-05,True
stratx_1543,USDC,43,75,8.6e-05,True
stratx_1544,EURC,44,75,8.8e-05,True
stratx_1545,XLM,45,75,9e-05,True
stratx_1546,USDC,46,75,9.2e-05,True
stratx_1547,EURC,47,75,9.4e-05,True
stratx_1548,XLM,48,75,9.6e-05,True
stratx_1549,USDC,49,75,9.8e-05,True
stratx_1550,EURC,40,75,8e-05,True
stratx_1551,XLM,41,75,8.2e-05,True
stratx_1552,USDC,42,75,8.4e-05,True
stratx_1553,EURC,43,75,8.6e-05,True
stratx_1554,XLM,44,75,8.8e-05,True
stratx_1555,USDC,45,75,9e-05,True
stratx_1556,EURC,46,75,9.2e-05,True
stratx_1557,XLM,47,75,9.4e-05,True
stratx_1558,USDC,48,75,9.6e-05,True
stratx_1559,EURC,49,75,9.8e-05,True
stratx_1560,XLM,40,75,8e-05,True
stratx_1561,USDC,41,75,8.2e-05,True
stratx_1562,EURC,42,75,8.4e-05,True
stratx_1563,XLM,43,75,8.6e-05,True
stratx_1564,USDC,44,75,8.8e-05,True
stratx_1565,EURC,45,75,9e-05,True
stratx_1566,XLM,46,75,9.2e-05,True
stratx_1567,USDC,47,75,9.4e-05,True
stratx_1568,EURC,48,75,9.6e-05,True
stratx_1569,XLM,49,75,9.8e-05,True
stratx_1570,USDC,40,75,8e-05,True
stratx_1571,EURC,41,75,8.2e-05,True
stratx_1572,XLM,42,75,8.4e-05,True
stratx_1573,USDC,43,75,8.6e-05,True
stratx_1574,EURC,44,75,8.8e-05,True
stratx_1575,XLM,45,75,9e-05,True
stratx_1576,USDC,46,75,9.2e-05,True
stratx_1577,EURC,47,75,9.4e-05,True
stratx_1578,XLM,48,75,9.6e-05,True
stratx_1579,USDC,49,75,9.8e-05,True
stratx_1580,EURC,40,75,8e-05,True
stratx_1581,XLM,41,75,8.2e-05,True
stratx_1582,USDC,42,75,8.4e-05,True
stratx_1583,EURC,43,75,8.6e-05,True
stratx_1584,XLM,44,75,8.8e-05,True
stratx_1585,USDC,45,75,9e-05,True
stratx_1586,EURC,46,75,9.2e-05,True
stratx_1587,XLM,47,75,9.4e-05,True
stratx_1588,USDC,48,75,9.6e-05,True
stratx_1589,EURC,49,75,9.8e-05,True
stratx_1590,XLM,40,75,8e-05,True
stratx_1591,USDC,41,75,8.2e-05,True
stratx_1592,EURC,42,75,8.4e-05,True
stratx_1593,XLM,43,75,8.6e-05,True
stratx_1594,USDC,44,75,8.8e-05,True
stratx_1595,EURC,45,75,9e-05,True
stratx_1596,XLM,46,75,9.2e-05,True
stratx_1597,USDC,47,75,9.4e-05,True
stratx_1598,EURC,48,75,9.6e-05,True
stratx_1599,XLM,49,75,9.8e-05,True
stratx_1600,USDC,40,75,8e-05,True
stratx_1601,EURC,41,75,8.2e-05,True
stratx_1602,XLM,42,75,8.4e-05,True
stratx_1603,USDC,43,75,8.6e-05,True
stratx_1604,EURC,44,75,8.8e-05,True
stratx_1605,XLM,45,75,9e-05,True
stratx_1606,USDC,46,75,9.2e-05,True
stratx_1607,EURC,47,75,9.4e-05,True
stratx_1608,XLM,48,75,9.6e-05,True
stratx_1609,USDC,49,75,9.8e-05,True
stratx_1610,EURC,40,75,8e-05,True
stratx_1611,XLM,41,75,8.2e-05,True
stratx_1612,USDC,42,75,8.4e-05,True
stratx_1613,EURC,43,75,8.6e-05,True
stratx_1614,XLM,44,75,8.8e-05,True
stratx_1615,USDC,45,75,9e-05,True
stratx_1616,EURC,46,75,9.2e-05,True
stratx_1617,XLM,47,75,9.4e-05,True
stratx_1618,USDC,48,75,9.6e-05,True
stratx_1619,EURC,49,75,9.8e-05,True
stratx_1620,XLM,40,75,8e-05,True
stratx_1621,USDC,41,75,8.2e-05,True
stratx_1622,EURC,42,75,8.4e-05,True
stratx_1623,XLM,43,75,8.6e-05,True
stratx_1624,USDC,44,75,8.8e-05,True
stratx_1625,EURC,45,75,9e-05,True
stratx_1626,XLM,46,75,9.2e-05,True
stratx_1627,USDC,47,75,9.4e-05,True
stratx_1628,EURC,48,75,9.6e-05,True
stratx_1629,XLM,49,75,9.8e-05,True
stratx_1630,USDC,40,75,8e-05,True
stratx_1631,EURC,41,75,8.2e-05,True
stratx_1632,XLM,42,75,8.4e-05,True
stratx_1633,USDC,43,75,8.6e-05,True
stratx_1634,EURC,44,75,8.8e-05,True
stratx_1635,XLM,45,75,9e-05,True
stratx_1636,USDC,46,75,9.2e-05,True
stratx_1637,EURC,47,75,9.4e-05,True
stratx_1638,XLM,48,75,9.6e-05,True
stratx_1639,USDC,49,75,9.8e-05,True
stratx_1640,EURC,40,75,8e-05,True
stratx_1641,XLM,41,75,8.2e-05,True
stratx_1642,USDC,42,75,8.4e-05,True
stratx_1643,EURC,43,75,8.6e-05,True
stratx_1644,XLM,44,75,8.8e-05,True
stratx_1645,USDC,45,75,9e-05,True
stratx_1646,EURC,46,75,9.2e-05,True
stratx_1647,XLM,47,75,9.4e-05,True
stratx_1648,USDC,48,75,9.6e-05,True
stratx_1649,EURC,49,75,9.8e-05,True
stratx_1650,XLM,40,75,8e-05,True
stratx_1651,USDC,41,75,8.2e-05,True
stratx_1652,EURC,42,75,8.4e-05,True
stratx_1653,XLM,43,75,8.6e-05,True
stratx_1654,USDC,44,75,8.8e-05,True
stratx_1655,EURC,45,75,9e-05,True
stratx_1656,XLM,46,75,9.2e-05,True
stratx_1657,USDC,47,75,9.4e-05,True
stratx_1658,EURC,48,75,9.6e-05,True
stratx_1659,XLM,49,75,9.8e-05,True
stratx_1660,USDC,40,75,8e-05,True
stratx_1661,EURC,41,75,8.2e-05,True
stratx_1662,XLM,42,75,8.4e-05,True
stratx_1663,USDC,43,75,8.6e-05,True
stratx_1664,EURC,44,75,8.8e-05,True
stratx_1665,XLM,45,75,9e-05,True
stratx_1666,USDC,46,75,9.2e-05,True
stratx_1667,EURC,47,75,9.4e-05,True
stratx_1668,XLM,48,75,9.6e-05,True
stratx_1669,USDC,49,75,9.8e-05,True
stratx_1670,EURC,40,75,8e-05,True
stratx_1671,XLM,41,75,8.2e-05,True
stratx_1672,USDC,42,75,8.4e-05,True
stratx_1673,EURC,43,75,8.6e-05,True
stratx_1674,XLM,44,75,8.8e-05,True
stratx_1675,USDC,45,75,9e-05,True
stratx_1676,EURC,46,75,9.2e-05,True
stratx_1677,XLM,47,75,9.4e-05,True
stratx_1678,USDC,48,75,9.6e-05,True
stratx_1679,EURC,49,75,9.8e-05,True
stratx_1680,XLM,40,75,8e-05,True
stratx_1681,USDC,41,75,8.2e-05,True
stratx_1682,EURC,42,75,8.4e-05,True
stratx_1683,XLM,43,75,8.6e-05,True
stratx_1684,USDC,44,75,8.8e-05,True
stratx_1685,EURC,30,75,6e-05,True
